,Danceability,Mode,Energy,Key,Loudness,Speechiness,Acousticness,Instrumentalness,Liveness,Valence,Tempo,Duration (ms),ID_CHECK,Song name,Artist,Album,ID
0,0.703,1,0.541,9,-13.225,0.162,0.00209,0.881,0.0983,0.302,178.003,129438,72kmmlWqS2SkIVwBmawtbb,DeLorian,Dentist,Levitate,72kmmlWqS2SkIVwBmawtbb
1,0.612,0,0.434,5,-9.263,0.0787,0.742,0.27,0.181,0.861,80.013,96000,03NvFoQqVypUOifssBl0JC,Cozy Jazz,Prod. By Outtake,Cozy Jazz,03NvFoQqVypUOifssBl0JC
2,0.651,0,0.314,7,-12.621,0.341,0.509,0.0171,0.099,0.536,170.348,136941,3ONIRhoRyimzjiW2W8PjtB,Silver Birch,Rudy Raw,Silver Birch,3ONIRhoRyimzjiW2W8PjtB
3,0.832,1,0.156,1,-16.499,0.052,0.647,0.907,0.105,0.226,110.007,88620,3qJcs60nnXV49Bl3MwX3OH,Daydream,Brad Enbata,Daydream,3qJcs60nnXV49Bl3MwX3OH
4,0.663,1,0.12,7,-13.662,0.0344,0.925,0.88,0.115,0.19,80.041,162000,6r0Jqgnd5i92R2cuE0Z1q6,Gymnopédies,L.Dre,Gymnopédies,6r0Jqgnd5i92R2cuE0Z1q6
5,0.8,0,0.393,11,-12.183,0.142,0.715,0.905,0.121,0.297,79.996,126750,2z2mwCEkYqMVwc10HGwUBY,Hometown,Mozzie,Hometown,2z2mwCEkYqMVwc10HGwUBY
6,0.825,0,0.339,6,-14.21,0.299,0.864,0.838,0.169,0.152,73.992,116757,41kVqJrBsEaZXFfv9sDrpo,Twisted,sleepsleepsleep,Twisted,41kVqJrBsEaZXFfv9sDrpo
7,0.539,0,0.141,7,-12.556,0.353,0.732,0.699,0.143,0.361,160.659,132000,1MQHacUW73AKPG9nlf28oZ,G-Jazz,Grmmr.126,G-Jazz,1MQHacUW73AKPG9nlf28oZ
8,0.633,0,0.28,2,-11.627,0.0285,0.768,0.912,0.0924,0.661,80.043,134306,2ciL24gMyyIbbuL531rTyB,Urban Jazz,KLIM,Urban Jazz,2ciL24gMyyIbbuL531rTyB
9,0.759,0,0.317,8,-11.892,0.259,0.879,0.823,0.098,0.236,80.005,96000,28qj2LnACOvB97gUaGjL5D,Spirelli,Elffire,Spirelli,28qj2LnACOvB97gUaGjL5D
10,0.49,0,0.298,7,-13.578,0.0941,0.361,0.939,0.223,0.69,164.135,120000,1JSyfYEBN3eYwoaq0mum2w,So Good,Deauxnuts,So Good,1JSyfYEBN3eYwoaq0mum2w
11,0.74,0,0.271,6,-16.488,0.0332,0.628,0.894,0.307,0.631,86.008,206512,6bGT3VFQFaIeqlLe76m7c6,Night Out,High John,Night Out,6bGT3VFQFaIeqlLe76m7c6
12,0.71,0,0.468,10,-8.396,0.0399,0.486,0.617,0.131,0.34,74.993,141000,1dGC8B4AVlFvTE7hW1ZNK3,Downstream,Prime8,Downstream,1dGC8B4AVlFvTE7hW1ZNK3
13,0.424,0,0.362,2,-8.169,0.0348,0.983,0.693,0.185,0.0382,138.313,150197,5jZHLuaKYFSrtqy3oThpLJ,White Days,softy,White Days,5jZHLuaKYFSrtqy3oThpLJ
14,0.772,0,0.357,11,-9.977,0.113,0.528,0.788,0.355,0.171,84.016,83051,71UZNO2eVE8dqoThogxIin,Post Truth,Beatific Vision,Post Truth,71UZNO2eVE8dqoThogxIin
15,0.807,1,0.206,1,-12.347,0.0457,0.559,0.844,0.0975,0.379,80.219,97500,3QkuxqoAIE4wEkQHdvXrcN,Morning Routine,Guzimi,Morning Routine,3QkuxqoAIE4wEkQHdvXrcN
16,0.79,0,0.409,3,-10.388,0.0795,0.188,0.818,0.0976,0.251,87.026,124127,3oZmdHQhEand0yMbqUJUrq,Wander,Lazlow,Wander,3oZmdHQhEand0yMbqUJUrq
17,0.839,1,0.329,1,-11.392,0.0551,0.656,0.93,0.113,0.204,79.99,108000,5IMN6U2yKva50QhZd8AtqU,Sunny,Iassu,Sunny,5IMN6U2yKva50QhZd8AtqU
18,0.52,0,0.537,3,-7.29,0.0952,0.765,0.648,0.104,0.527,83.174,127644,3TXsvG6SPvXFGyAPs6ZTbS,Long Story Short,DESH,Long Story Short,3TXsvG6SPvXFGyAPs6ZTbS
19,0.67,0,0.253,2,-15.417,0.0374,0.338,0.92,0.102,0.283,89.991,144213,06Ij7RjzQTAOyKIkenfAoA,Everything Is Calm,Wieland & Ulrich,Everything Is Calm,06Ij7RjzQTAOyKIkenfAoA
20,0.74,0,0.461,9,-8.815,0.0398,0.148,0.337,0.107,0.518,85.994,133953,7qNjO6TC4S4yBeEcefkV6e,Kebapland,Kevoe West,Kebapland,7qNjO6TC4S4yBeEcefkV6e
21,0.635,1,0.454,8,-11.157,0.0505,0.662,0.825,0.12,0.366,73.987,116757,5vQmdPFA7bR2vInTKiySJJ,Lente,Shierro,Lente,5vQmdPFA7bR2vInTKiySJJ
22,0.67,0,0.488,11,-8.669,0.17,0.048,0.447,0.363,0.399,80.014,172273,4cmezsZ5LAp5p62KwiWS48,Being Free,Chris Cross,Being Free,4cmezsZ5LAp5p62KwiWS48
23,0.746,0,0.767,8,-5.645,0.332,0.323,0.861,0.0984,0.863,180.076,133000,4tN5jfueFkQ7I52tNTp925,Good Morning,Ted Fresco,Good Morning,4tN5jfueFkQ7I52tNTp925
24,0.496,1,0.266,11,-14.646,0.0416,0.919,0.826,0.092,0.246,82.984,133012,3A4xiikel0UUzUKFo54Lkw,Beneteau,Sátyr,Beneteau,3A4xiikel0UUzUKFo54Lkw
25,0.619,1,0.416,5,-9.84,0.0442,0.0901,0.928,0.255,0.23,75.007,119600,4NPPOiGhktISqk4GMg9eQu,Forbidden Fruit,Burrito Eats,Forbidden Fruit,4NPPOiGhktISqk4GMg9eQu
26,0.64,0,0.449,7,-8.37,0.103,0.184,0.856,0.114,0.333,85.197,118588,4XRqTzS396OGLIn5bsxcaL,Second Chance,Saiko,Second Chance,4XRqTzS396OGLIn5bsxcaL
27,0.705,1,0.398,5,-11.273,0.0422,0.378,0.901,0.169,0.384,92.988,130775,160LvdIcljhbCyBIzo3GXy,Jazzflava,Lamar Azul,Jazzflava,160LvdIcljhbCyBIzo3GXy
28,0.696,0,0.488,11,-5.936,0.039,0.365,0.0016,0.262,0.714,146.051,115068,6TCBeYNx8zRMnkKLSB5ZuJ,taking naps,Farhot,taking naps,6TCBeYNx8zRMnkKLSB5ZuJ
29,0.464,0,0.213,5,-13.819,0.0995,0.554,0.83,0.122,0.739,79.395,127801,2xnTbGpJdU4lQWXRDRjKj0,Integral JaZz,CrazyJaZz,Integral JaZz,2xnTbGpJdU4lQWXRDRjKj0
30,0.581,1,0.242,2,-13.373,0.0373,0.861,0.938,0.15,0.0764,76.048,154934,3ncySJfjsBGeYyiEEkglqq,Stargazing,Danæ,Nautic Cruise,3ncySJfjsBGeYyiEEkglqq
31,0.68,0,0.635,2,-5.916,0.0726,0.159,0.929,0.132,0.495,79.054,86392,71JgPrqnNGa5tXCNQRSezU,Calma,young.vishnu,Calma,71JgPrqnNGa5tXCNQRSezU
32,0.739,0,0.216,5,-8.097,0.0459,0.126,0.907,0.097,0.515,85.119,118588,4XT9EDO2LVFzV6as0lGeRd,Finally Spring,Kasimir,Finally Spring,4XT9EDO2LVFzV6as0lGeRd
33,0.719,0,0.39,5,-6.205,0.0742,0.238,0.939,0.471,0.481,83.048,102108,064O5hulEViH0urpgjhnLX,Colorful,Lichtboje,Colorful,064O5hulEViH0urpgjhnLX
34,0.768,1,0.338,8,-9.193,0.0551,0.387,0.781,0.894,0.65,79.958,113647,7fCzVo2VXz1NqMyao2mVgH,Wish,Civin,Wish,7fCzVo2VXz1NqMyao2mVgH
35,0.815,0,0.423,10,-17.055,0.422,0.33,0.81,0.0847,0.854,81.972,130259,3BDFBS075FaAQYlHHlf9so,Jupiter's Moon,SamuW,Jupiter's Moon,3BDFBS075FaAQYlHHlf9so
36,0.649,1,0.599,6,-7.027,0.0599,0.376,0.618,0.196,0.497,88.893,138876,7o2M9p2nBQzBBNOXCE1XPL,Ice Cubes,Saiko,Ice Cubes,7o2M9p2nBQzBBNOXCE1XPL
37,0.373,0,0.527,2,-11.542,0.0645,0.429,0.932,0.102,0.211,163.88,109024,3qSuHSjEYAltq1AbZS2UGG,Slide,Deauxnuts,Slide,3qSuHSjEYAltq1AbZS2UGG
38,0.393,1,0.317,0,-13.701,0.0555,0.505,0.823,0.0993,0.21,81.201,204944,7oT7NDlXx5xpteinixhpQo,Wavy,xander.,Wavy,7oT7NDlXx5xpteinixhpQo
39,0.531,1,0.455,2,-12.572,0.193,0.831,0.917,0.11,0.306,148.066,169584,2YiDJMp5tdg2dYjEFqT82S,Sunday Swamp,Nobel,Sunday Swamp,2YiDJMp5tdg2dYjEFqT82S
40,0.673,0,0.547,4,-10.319,0.0618,0.351,0.826,0.148,0.464,85.516,115115,6dDQ3c9tYejVdeUMSqLz2x,Trailways,Nokiaa,Trailways,6dDQ3c9tYejVdeUMSqLz2x
41,0.733,1,0.395,0,-15.051,0.0629,0.597,0.927,0.103,0.924,80.0,109125,5eItbTyLvObdxg9gotDr23,Beachtime,Kasimir,Beachtime,5eItbTyLvObdxg9gotDr23
42,0.7,0,0.338,2,-17.107,0.11,0.0517,0.919,0.122,0.446,136.065,141176,6cps2VabulYiKwDxjb2R54,Sugar Trail,Inf,Sugar Trail,6cps2VabulYiKwDxjb2R54
43,0.42,0,0.368,4,-11.884,0.044,0.691,0.781,0.134,0.102,83.974,122857,6c5hmRMe6X7t6xNNdQapC0,Shards,Plusma,Shards,6c5hmRMe6X7t6xNNdQapC0
44,0.684,1,0.275,6,-11.821,0.163,0.183,0.756,0.0786,0.624,78.008,123496,46otNtxw1tp66cO2ZgC6n3,Roadmap,Smeeagain,Roadmap,46otNtxw1tp66cO2ZgC6n3
45,0.675,0,0.391,10,-16.962,0.0483,0.574,0.925,0.129,0.882,80.012,117000,7CqyMOgqLtNYx8cSS9fDy2,October,Oslo,October,7CqyMOgqLtNYx8cSS9fDy2
46,0.742,0,0.448,4,-10.879,0.0369,0.735,0.746,0.126,0.465,86.043,101163,2qcaBkKJbTEqi6QeemAP4s,One Life,Living Room,One Life,2qcaBkKJbTEqi6QeemAP4s
47,0.622,0,0.699,10,-7.348,0.108,0.272,0.708,0.105,0.524,85.887,120258,2yuNnbs1GxEROw5sX1keGb,Rhythm 2 - Saiko Soul Treat,Saiko,Rhythm 2 (Saiko Soul Treat),2yuNnbs1GxEROw5sX1keGb
48,0.78,1,0.296,11,-9.359,0.171,0.119,0.881,0.0833,0.873,141.94,115125,7lY2zovuTeMCvUvk07Z0sG,Flowow,Fed Nance,Flowow,7lY2zovuTeMCvUvk07Z0sG
49,0.726,1,0.177,6,-16.756,0.0549,0.866,0.92,0.113,0.477,75.0,107200,3bviVvkm8rEG86RmK5OCS1,Waiting For Tea,Kasimir,Waiting For Tea,3bviVvkm8rEG86RmK5OCS1
50,0.757,1,0.229,7,-7.616,0.141,0.822,0.925,0.0948,0.388,74.981,118400,34rDTa9sEiCGccvIzZkHbN,Shallow,Loufish,Shallow,34rDTa9sEiCGccvIzZkHbN
51,0.667,0,0.211,2,-12.552,0.046,0.575,0.925,0.155,0.694,170.044,138353,69Aac1Q8UXmtWOrcHimO0f,Nocturnal,Oilix,Nocturnal,69Aac1Q8UXmtWOrcHimO0f
52,0.79,0,0.216,4,-11.561,0.527,0.0235,0.917,0.0672,0.44,79.109,133125,5F7xMAUNCHmzy5stdZWvkO,Giza,Hans Hu$tle,Giza,5F7xMAUNCHmzy5stdZWvkO
53,0.656,1,0.409,2,-12.388,0.231,0.835,0.731,0.119,0.484,166.028,116220,2lgYbvxD8zyKvwhDyXWAXZ,Sunset Mood,kanves,sunset mood,2lgYbvxD8zyKvwhDyXWAXZ
54,0.713,0,0.495,5,-8.835,0.078,0.799,0.934,0.108,0.268,80.002,111000,3dBb5k9IR2AfzXrM2Od3Om,When We Last Spoke,Birds Of The West,When We Last Spoke,3dBb5k9IR2AfzXrM2Od3Om
55,0.644,0,0.392,9,-8.629,0.0926,0.168,0.713,0.0936,0.461,76.489,166275,0K10ENKa2CiPZCVtctyqwf,Solar,FLKS,Solar,0K10ENKa2CiPZCVtctyqwf
56,0.657,0,0.262,1,-16.147,0.0972,0.449,0.933,0.111,0.58,163.698,82500,0Lca4X8ywapByHnAc09r1u,Rio,SP-Mato,Short Trip,0Lca4X8ywapByHnAc09r1u
57,0.675,0,0.283,7,-11.232,0.0453,0.915,0.937,0.199,0.51,89.971,153442,0UI7l0ejPAknjRsm7FjcSw,Summer Sunset,Mindscape,Summer Sunset,0UI7l0ejPAknjRsm7FjcSw
58,0.685,0,0.435,0,-7.396,0.244,0.243,0.863,0.112,0.56,84.023,118177,5sdRMVfel2Bc5pTpkhjsbv,Golden Route,Schmiddunsk,Golden Route,5sdRMVfel2Bc5pTpkhjsbv
59,0.624,0,0.439,4,-9.514,0.0884,0.46,0.942,0.154,0.116,73.021,96000,1ENTPp49YJwNf5B3p8Uj6p,Aurora,Lito Akari,Aurora,1ENTPp49YJwNf5B3p8Uj6p
60,0.655,0,0.557,6,-8.635,0.0511,0.67,0.661,0.142,0.434,78.995,151899,0zBAwsXFKs4lXZtZbY4reT,Revue,paris91,Revue,0zBAwsXFKs4lXZtZbY4reT
61,0.709,0,0.332,11,-15.323,0.0616,0.433,0.885,0.169,0.444,86.019,91395,19NMCb0Ur6FPad3BU0ainP,Nostalgia,Worldtraveller,Nostalgia,19NMCb0Ur6FPad3BU0ainP
62,0.788,1,0.331,1,-15.894,0.105,0.806,0.899,0.104,0.562,79.946,87000,0xh8FDAOAhaUh5R090cNwR,As Time Goes By,Oslo,As Time Goes By,0xh8FDAOAhaUh5R090cNwR
63,0.684,0,0.26,8,-15.333,0.0928,0.773,0.558,0.0955,0.136,77.973,172009,4Lxh3lRm24bFhsmQyQsRMe,Flat,Philphonic,Flat,4Lxh3lRm24bFhsmQyQsRMe
64,0.695,0,0.43,6,-12.037,0.0695,0.175,0.821,0.132,0.377,85.997,130000,5EThnlyGxPua0H7YuUbWf2,Cidade,Jakspin,Cidade,5EThnlyGxPua0H7YuUbWf2
65,0.694,0,0.534,2,-11.351,0.0451,0.106,0.89,0.113,0.556,86.997,147067,6Nf3WJHF1ZCya9gwD55NwD,Illjazz,Lamar Azul,Illjazz,6Nf3WJHF1ZCya9gwD55NwD
66,0.778,1,0.362,0,-12.528,0.335,0.905,0.37,0.0965,0.298,81.919,105366,7qmcHozSGwsH5I7IjF16eU,Fresh Bloom,CMJ,Fresh Bloom,7qmcHozSGwsH5I7IjF16eU
67,0.754,0,0.34,10,-10.884,0.121,0.192,0.688,0.157,0.446,158.01,122279,4OStFivEWQbYO59CgEX98f,Cloudscape,SōNE,Cloudscape,4OStFivEWQbYO59CgEX98f
68,0.832,0,0.264,8,-16.108,0.349,0.232,0.696,0.112,0.45,81.018,143704,2CshcD2ZdSr8lgEkSYcmmK,Kite,Moderator,Kite,2CshcD2ZdSr8lgEkSYcmmK
69,0.75,0,0.587,11,-10.392,0.074,0.368,0.867,0.145,0.41,80.013,86683,2jG5D5PT8MAkNO3cAjOMWi,Funky Wizard,MAFFYN,Beat Collection II,2jG5D5PT8MAkNO3cAjOMWi
70,0.607,0,0.24,7,-12.047,0.0386,0.135,0.917,0.104,0.379,164.049,96585,2Vn2PKznrf5e1FtVcoIwQe,Good Morning,Oslo,Good Morning,2Vn2PKznrf5e1FtVcoIwQe
71,0.627,0,0.425,5,-11.817,0.0524,0.567,0.908,0.0964,0.28,79.986,123288,4ZvoVfFckum6EIA5RPD57M,Coffee for Two,HawkOne,Coffee for Two,4ZvoVfFckum6EIA5RPD57M
72,0.563,1,0.273,10,-10.872,0.031,0.692,0.705,0.119,0.344,85.424,113330,7fzBwaENsIzmYQnkNXtqPj,Magnifying,Sam Cross,Magnifying,7fzBwaENsIzmYQnkNXtqPj
73,0.724,0,0.536,10,-9.488,0.141,0.63,0.836,0.0974,0.226,82.0,128781,6lwWSZ8BRW7mCEKs7J6jj7,Memories,Roelo,Memories,6lwWSZ8BRW7mCEKs7J6jj7
74,0.703,0,0.425,11,-10.604,0.0367,0.611,0.879,0.116,0.346,89.954,171333,2XrXZ0DH1mqspN4mZWEp05,It's Not Just Me,Ngyn,It's Not Just Me,2XrXZ0DH1mqspN4mZWEp05
75,0.546,0,0.394,11,-9.039,0.0641,0.818,0.951,0.125,0.273,87.975,130909,6SXJNIroh2Phy4mE3eoByf,Reminisce,Oaty.,Reminisce,6SXJNIroh2Phy4mE3eoByf
76,0.731,0,0.393,8,-6.35,0.0938,0.469,0.506,0.163,0.499,83.885,137857,0v5swa6eOj8DIV7AhFwPUF,Big Apple,Saiko,Big Apple,0v5swa6eOj8DIV7AhFwPUF
77,0.669,1,0.442,2,-11.363,0.0632,0.928,0.915,0.133,0.39,155.97,142882,6OGSthy4oaSFBg1SNE17dM,white star,keseki,white star,6OGSthy4oaSFBg1SNE17dM
78,0.823,0,0.3,11,-15.296,0.0593,0.744,0.79,0.301,0.705,114.944,134876,6YAroh1egcZehP7e7TnxzV,Red Beach,Peter Kind,Red Beach,6YAroh1egcZehP7e7TnxzV
79,0.837,0,0.223,1,-11.476,0.0488,0.801,0.915,0.113,0.421,82.066,94987,3i1QDnpInuZUfTmnauuEbu,Epoch,Tom Doolie,Epoch,3i1QDnpInuZUfTmnauuEbu
80,0.804,0,0.319,8,-14.253,0.0767,0.821,0.897,0.112,0.453,77.983,98462,5x06pW7r0lebJulesKVnSS,Sunflower Fields,Iassu,Sunflower Fields,5x06pW7r0lebJulesKVnSS
81,0.698,1,0.386,0,-9.771,0.188,0.319,0.00183,0.0968,0.494,83.964,117143,0Rmjd0pRsHwROEdtd2uu3d,Blinker,Khutko,Blinker,0Rmjd0pRsHwROEdtd2uu3d
82,0.792,0,0.446,2,-12.049,0.0563,0.515,0.876,0.106,0.616,120.003,92000,6TfvZnvS172wKpSj2S88XV,Beacon,Pawcut,Next Flight Ontario (Beat Edits),6TfvZnvS172wKpSj2S88XV
83,0.702,0,0.327,6,-10.046,0.115,0.843,0.669,0.373,0.144,84.044,131562,6o072JVrUHju3ReQDwnQvX,Indigo,DYVN,Indigo,6o072JVrUHju3ReQDwnQvX
84,0.538,1,0.314,1,-9.514,0.354,0.645,0.272,0.177,0.434,114.564,145920,32r2k2nglVzoetLtsuyLK7,Lazy Afternoon,Marcos Caixa,Lazy Afternoon,32r2k2nglVzoetLtsuyLK7
85,0.711,1,0.199,6,-13.348,0.0547,0.902,0.857,0.108,0.627,91.976,97463,32SebboTVV30b9Atx9OKFU,comme ça.,UKDD,comme ça.,32SebboTVV30b9Atx9OKFU
86,0.767,1,0.593,8,-10.544,0.132,0.157,0.04,0.106,0.578,78.007,109231,43rQHWHRNUYvjp1kauDnjL,Innocent Duck,Am Froggo,Innocent Duck,43rQHWHRNUYvjp1kauDnjL
87,0.788,1,0.558,1,-9.918,0.212,0.463,0.883,0.12,0.463,77.994,98500,22TqEu9zWwmzAerQAAqyk7,Sweet Sunset,Iassu,Sweet Sunset,22TqEu9zWwmzAerQAAqyk7
88,0.537,0,0.495,9,-9.36,0.0459,0.568,0.644,0.115,0.634,168.063,137522,19AiqwcVZDgbivDpLwZtG3,spirits,n o r m a l,spirits,19AiqwcVZDgbivDpLwZtG3
89,0.855,1,0.56,5,-8.132,0.0743,0.805,0.923,0.42,0.362,94.971,164217,7KPAMOtffV17NiiapCPGnh,Laidback Style,RejSende,Laidback Style,7KPAMOtffV17NiiapCPGnh
90,0.674,0,0.333,4,-10.344,0.0345,0.49,0.856,0.102,0.417,83.921,108571,1xYrQE0XStZEJ9Z5QnFsJL,Lights Out,Deauxnuts,Lights Out,1xYrQE0XStZEJ9Z5QnFsJL
91,0.844,1,0.363,1,-20.08,0.0535,0.916,0.974,0.141,0.362,112.894,85718,27tnbPBfFjof7acoR2aqcQ,Flowers,Goldenninjah,Flowers,27tnbPBfFjof7acoR2aqcQ
92,0.739,0,0.264,11,-15.443,0.0515,0.554,0.84,0.0796,0.847,180.018,124069,0pAZwblmzeso5UGoEMwXEl,JazzStories,Zmeyev,JazzStories,0pAZwblmzeso5UGoEMwXEl
93,0.766,1,0.272,2,-12.642,0.0572,0.658,0.935,0.281,0.39,88.987,142921,2JnVnqt3M2mUw1BJcCqI0U,Coffee Jazz,Phlocalyst,Coffee Jazz,2JnVnqt3M2mUw1BJcCqI0U
94,0.846,1,0.255,10,-14.348,0.161,0.256,0.571,0.113,0.443,85.103,135529,0qHWLH1msM5dfrwcYtCq4Y,Space Maneuvers,Loop Schrauber,Space Maneuvers,0qHWLH1msM5dfrwcYtCq4Y
95,0.444,0,0.375,9,-14.863,0.0601,0.794,0.746,0.106,0.357,149.559,134500,7bpslE0Bb4juoM1LiBml1U,Riverside,Jam'addict,Riverside,7bpslE0Bb4juoM1LiBml1U
96,0.341,0,0.428,2,-14.595,0.0644,0.125,0.969,0.169,0.346,145.204,80257,2MOMbPmESd5YkmNz8LjKAe,Magnifico Disastro,XXIII,Me And Myself,2MOMbPmESd5YkmNz8LjKAe
97,0.504,1,0.286,0,-13.259,0.062,0.669,0.645,0.116,0.405,132.959,129067,5shRAbjr263aLdUb7CjpTR,Silk,Seb Zillner,Silk,5shRAbjr263aLdUb7CjpTR
98,0.809,0,0.343,9,-10.838,0.112,0.894,0.949,0.0919,0.146,79.977,114000,6mD3Y8GFnYQUXGRTMjaCYN,Habitual,Sebastian Kamae,Habitual,6mD3Y8GFnYQUXGRTMjaCYN
99,0.561,1,0.333,6,-13.941,0.141,0.628,0.794,0.116,0.298,88.138,122500,3lxsDTkTUDegCbh5ptgUFO,snow flowers,flamingo zamperoni,snow flowers,3lxsDTkTUDegCbh5ptgUFO
100,0.676,0,0.51,6,-7.901,0.088,0.0699,0.811,0.0978,0.633,166.286,118584,4Lhuuq3188ce17rKSlTzgP,Orange Sunshine,Mama Aiuto,Orange Sunshine,4Lhuuq3188ce17rKSlTzgP
101,0.677,0,0.31,10,-10.002,0.13,0.513,0.885,0.589,0.235,148.117,108069,6BtRHhPR8PcfBBSAsY0ppd,Count Basic,Platinum Dust,Count Basic,6BtRHhPR8PcfBBSAsY0ppd
102,0.808,1,0.207,9,-14.228,0.0819,0.889,0.931,0.145,0.666,124.083,111253,3vDlW4JNICUAN27xLrYj08,Aubade,Tom Doolie,Aubade,3vDlW4JNICUAN27xLrYj08
103,0.589,1,0.392,1,-13.404,0.0389,0.958,0.769,0.102,0.313,92.008,135652,2O5xRNJzk8w6ew9ofu8vLa,Solenidae,Phlocalyst,Aphrodisiac,2O5xRNJzk8w6ew9ofu8vLa
104,0.697,0,0.575,0,-9.67,0.0406,0.00291,0.612,0.106,0.685,88.014,134318,4RMcbb9ITtAESFO6Sg0DLo,Sunflakes,RLLBTS,Sunflakes,4RMcbb9ITtAESFO6Sg0DLo
105,0.728,0,0.493,6,-10.149,0.0523,0.598,0.822,0.112,0.406,149.946,147453,4oEnDh6kO0qc92pFabcgEV,Glowing Willow,Mr. Käfer,Eunoia,4oEnDh6kO0qc92pFabcgEV
106,0.635,1,0.42,7,-11.784,0.0411,0.112,0.886,0.0784,0.699,80.012,96023,63kQCkG3LYRD90O2QZbhnh,Unexpected World,GXNXSIS,Unexpected World,63kQCkG3LYRD90O2QZbhnh
107,0.565,0,0.329,10,-11.305,0.343,0.00836,0.91,0.101,0.56,159.901,123544,1rH0fl85kkL8ySygNMWvRM,Just Us,Malia Løu,Just Us,1rH0fl85kkL8ySygNMWvRM
108,0.858,0,0.326,5,-10.759,0.165,0.785,0.805,0.11,0.827,86.075,111628,2fcsZk3v6B5vPtDULRXi16,brush strokes.,MF Eistee,brush strokes.,2fcsZk3v6B5vPtDULRXi16
109,0.864,0,0.238,7,-13.999,0.0566,0.618,0.825,0.0946,0.677,90.0,123201,0YYVvpHHqQ2eIhOvDwuaM3,Journey,Eu93ne,Journey,0YYVvpHHqQ2eIhOvDwuaM3
110,0.807,0,0.136,0,-11.208,0.0542,0.648,0.937,0.0668,0.558,83.997,151562,6VBQIs3Y1RcXgEtxxdHPuu,Central,Sammy TQ,Central,6VBQIs3Y1RcXgEtxxdHPuu
111,0.706,0,0.347,8,-11.301,0.144,0.261,0.932,0.0987,0.355,171.963,127733,5JuEdzGvKzxKkRbNhWCgvM,Pacific Nights,MagFi,Pacific Nights,5JuEdzGvKzxKkRbNhWCgvM
112,0.437,0,0.269,0,-12.833,0.0396,0.239,0.895,0.0913,0.0587,156.754,137173,7tobQQazW32ZWVzc6yTLSY,Ventilator,Mr. Käfer,Ventilator,7tobQQazW32ZWVzc6yTLSY
113,0.448,1,0.11,0,-19.014,0.0618,0.522,0.386,0.246,0.262,168.378,143402,5bJwIC3hWM6j8JYAUGZ4AV,Some kind of green,Phlocalyst,Some kind of green,5bJwIC3hWM6j8JYAUGZ4AV
114,0.745,1,0.439,5,-9.348,0.0412,0.21,0.952,0.124,0.244,170.05,147067,2D9SmqzzP87eOJjSFPIYQJ,Everyone Has Dreams,Zairis Téjion,After I Found Peace,2D9SmqzzP87eOJjSFPIYQJ
115,0.563,0,0.245,1,-13.924,0.336,0.872,0.903,0.105,0.433,169.58,91209,1kGX01yhwMRuuyOEd1H4OU,Shawty,JAY VANILLA,Shawty,1kGX01yhwMRuuyOEd1H4OU
116,0.83,0,0.263,7,-10.287,0.0451,0.885,0.716,0.107,0.467,134.95,138667,6Qu2SmU6jgmKNhefkWFW0T,Natural Springs,Oaty.,Natural Springs,6Qu2SmU6jgmKNhefkWFW0T
117,0.792,0,0.314,9,-11.564,0.0802,0.732,0.0731,0.142,0.788,90.052,158000,0xdGnsQsT1tZqfRTgj48PO,Upstairs,RLLBTS,Upstairs,0xdGnsQsT1tZqfRTgj48PO
118,0.664,0,0.264,0,-9.455,0.0491,0.224,0.625,0.469,0.302,86.031,140930,5YGrJ7Vy0cOQl2F4uzl6lT,The Island,Harry Hawaii,The Island,5YGrJ7Vy0cOQl2F4uzl6lT
119,0.744,0,0.478,11,-10.504,0.0359,0.408,0.683,0.441,0.589,79.497,132011,5unpQQb6s6qRfOlUpP9U1W,Ifeyinwa,Wilczynski,Marrakech EP,5unpQQb6s6qRfOlUpP9U1W
120,0.526,0,0.39,8,-13.866,0.0303,0.69,0.972,0.677,0.262,139.23,169867,0CK0jsUUNtHeQDJBiAzU70,Patient Stabilized,L E F,Patient Stabilized,0CK0jsUUNtHeQDJBiAzU70
121,0.753,0,0.22,11,-14.209,0.0583,0.949,0.934,0.115,0.397,139.048,157947,6LIO0pUabklDK3jFZNCgRV,sundaythefirstofaugust,Webmoms,sundaythefirstofaugust,6LIO0pUabklDK3jFZNCgRV
122,0.699,1,0.333,9,-15.543,0.0391,0.529,0.901,0.556,0.448,88.152,122750,54zP26HCJ1PBnAwp0kpE1Y,Airball,Donkeychote,Airball,54zP26HCJ1PBnAwp0kpE1Y
123,0.638,0,0.209,2,-18.248,0.0725,0.854,0.828,0.098,0.54,83.015,115663,5jbOCsyeMKNxw2Xk3RSylS,When the Rain Comes,Dualizm,When the Rain Comes,5jbOCsyeMKNxw2Xk3RSylS
124,0.67,1,0.351,11,-7.109,0.0571,0.183,0.17,0.116,0.494,160.013,96000,4hEtLH4D9zXiYuefvhaFDg,spring breeze,yeyts.,spring breeze,4hEtLH4D9zXiYuefvhaFDg
125,0.701,1,0.28,10,-10.097,0.0431,0.243,0.705,0.103,0.31,93.008,153500,6IMizBxvWe908mqf9rJlW0,Don't Go,sloh rou,Don't Go,6IMizBxvWe908mqf9rJlW0
126,0.715,0,0.239,1,-12.336,0.0369,0.167,0.586,0.111,0.206,80.959,121482,23f7knsxaG3hydPGazsA0W,Top Of The World,Smeeagain,Top Of The World,23f7knsxaG3hydPGazsA0W
127,0.608,0,0.368,11,-13.934,0.0407,0.703,0.018,0.105,0.069,79.958,125250,0LIIItEvBkt2hX1joyUhId,Drop By Drop,Moderator,Drop By Drop,0LIIItEvBkt2hX1joyUhId
128,0.719,1,0.836,0,-3.733,0.0315,0.109,0.954,0.111,0.546,151.994,116053,20pxIVsAEvIxbKwh3rjIju,Who Are We,Burrito Eats,Who Are We,20pxIVsAEvIxbKwh3rjIju
129,0.921,1,0.432,7,-13.451,0.105,0.00401,0.932,0.108,0.519,152.367,100806,6Ncyd2Ki678etIRVvLAQTF,Tonspur Jazz,Jost Esser,Tonspur Jazz,6Ncyd2Ki678etIRVvLAQTF
130,0.783,1,0.441,4,-13.352,0.246,0.127,0.654,0.112,0.209,87.907,184612,2zBAY11oKzMfIM4TY94LI6,Warm Flicker,rocomoco,Into the Blue,2zBAY11oKzMfIM4TY94LI6
131,0.474,0,0.266,9,-10.536,0.0305,0.192,0.924,0.0801,0.22,75.009,178733,0SECfQ39aAxnp1tMCIDrCg,Medication,L E F,Antidote,0SECfQ39aAxnp1tMCIDrCg
132,0.832,0,0.301,1,-10.205,0.158,0.678,0.684,0.0567,0.487,75.982,117841,5MaPFUOETqvw2bNIAuJkTP,Locust,Noflik,Arboretum,5MaPFUOETqvw2bNIAuJkTP
133,0.472,1,0.627,8,-9.978,0.135,0.807,0.904,0.107,0.933,172.028,72450,3k46yZpUrnR5NC9CwdrfT3,Yazzy,isaintjames,Yazzy,3k46yZpUrnR5NC9CwdrfT3
134,0.612,0,0.211,2,-14.876,0.0403,0.87,0.913,0.106,0.247,77.93,123077,5LAlZfEzoY9hcLSCmN8PuZ,Phantasm,Myríad,Phantasm,5LAlZfEzoY9hcLSCmN8PuZ
135,0.768,1,0.269,0,-15.189,0.123,0.0397,0.465,0.103,0.58,83.012,87048,2omgCcDetlo5bsOx6Dcdrp,Paper Plane,Beatific Vision,Paper Plane,2omgCcDetlo5bsOx6Dcdrp
136,0.525,0,0.171,4,-18.986,0.142,0.495,0.755,0.33,0.37,163.723,100909,6cF7WT6HaE92m3dN1hlZhJ,Frosty,Florence Ada,Frosty,6cF7WT6HaE92m3dN1hlZhJ
137,0.761,1,0.582,8,-8.302,0.044,0.686,0.9,0.11,0.663,76.973,99740,48IOGXZiQIyM64Co7UpjUh,On The Rocks,Guzimi,On The Rocks,48IOGXZiQIyM64Co7UpjUh
138,0.651,0,0.145,4,-8.834,0.0646,0.904,0.85,0.106,0.493,77.464,139355,78eRRJcbSM643Ymm1X2KGD,nightwalker,damaa.beats,daydreams,78eRRJcbSM643Ymm1X2KGD
139,0.84,1,0.258,2,-9.332,0.0545,0.0238,0.32,0.111,0.493,150.023,89600,06fpohb3cN7BzTwqC3M7eY,Night Session,SP-Mato,Night Session,06fpohb3cN7BzTwqC3M7eY
140,0.856,0,0.0629,9,-21.378,0.138,0.783,0.373,0.0939,0.185,81.012,118519,7gUnSShgDIlRQjsPsRKXad,Colors,Dolittlebeats,Colors,7gUnSShgDIlRQjsPsRKXad
141,0.451,0,0.324,7,-8.048,0.0614,0.746,0.799,0.106,0.661,148.703,117000,4HTbx3Gny40i6LcQSWNgAZ,Pressure,Uli Tiro,Pressure,4HTbx3Gny40i6LcQSWNgAZ
142,0.775,0,0.464,11,-11.299,0.172,0.0521,0.705,0.105,0.637,153.951,102857,3bFQS0uqG7zJ830fYLkKly,I Can Feel It,Living Room,I Can Feel It,3bFQS0uqG7zJ830fYLkKly
143,0.746,1,0.666,10,-6.08,0.113,0.213,0.189,0.114,0.0874,160.056,112000,0GtDUjBoDAqaJbJJlDWvvM,Blossoms,DYVN,Blossoms,0GtDUjBoDAqaJbJJlDWvvM
144,0.726,1,0.414,8,-11.415,0.0591,0.546,0.791,0.122,0.298,83.061,161386,3VCI3z756BEKFN7mGllsS6,All In Good Time,Jazzy James,All In Good Time,3VCI3z756BEKFN7mGllsS6
145,0.601,0,0.243,11,-13.289,0.0584,0.816,0.799,0.0828,0.422,155.982,116000,4dS7fR0EjiwkUyO8WiPXt5,Fables Of Tales,Terce S.,Fables Of Tales,4dS7fR0EjiwkUyO8WiPXt5
146,0.838,0,0.361,11,-11.513,0.251,0.788,0.943,0.101,0.699,82.001,140884,5Jk9uO3DbBAoa6JFXpPcYJ,L'eau,Mindeliq,L'eau,5Jk9uO3DbBAoa6JFXpPcYJ
147,0.709,0,0.208,11,-18.08,0.106,0.645,0.743,0.0907,0.428,173.993,132414,00oSY6ZhNBI9uDf45e6VMw,Midnight Stroll,CMJ,Midnight Stroll,00oSY6ZhNBI9uDf45e6VMw
148,0.727,1,0.308,10,-12.375,0.0375,0.855,0.435,0.111,0.568,80.078,192500,2ho9hXhrskQHdzVHc28j5Y,Blossom,Gnarly,Blossom,2ho9hXhrskQHdzVHc28j5Y
149,0.413,0,0.315,4,-14.258,0.0691,0.984,0.904,0.1,0.473,173.313,110769,0iSaPL6ibq9y3Kc6gdr6vb,Hug Cloud,Zmeyev,Hug Cloud,0iSaPL6ibq9y3Kc6gdr6vb
150,0.756,0,0.242,9,-13.628,0.187,0.379,0.733,0.0717,0.802,73.996,142703,2D7Unr9oh9JLNPdhzTeqrq,Welcome Home,Louk,Welcome Home,2D7Unr9oh9JLNPdhzTeqrq
151,0.549,1,0.373,2,-9.33,0.0315,0.479,0.867,0.0908,0.145,156.101,128720,1xb1ELvhWhuJgnoDP37DJD,What About Spring,Mr. Käfer,Eunoia,1xb1ELvhWhuJgnoDP37DJD
152,0.789,0,0.531,6,-10.081,0.286,0.0326,0.0396,0.152,0.656,88.025,105178,13sIC4vLfw2DNAjyO8hY1l,Smoove,Beatific Vision,Smoove,13sIC4vLfw2DNAjyO8hY1l
153,0.78,0,0.358,0,-10.988,0.0796,0.709,0.643,0.0976,0.382,82.985,115663,4Gs49fzepEtYLIlGDvHP7U,Mysteries,Guzimi,Mysteries,4Gs49fzepEtYLIlGDvHP7U
154,0.701,0,0.438,6,-7.891,0.239,0.623,0.558,0.114,0.215,83.961,114853,7cyogt98IRn5xak0wg3NDo,Squeeze,Smoke Trees,Squeeze,7cyogt98IRn5xak0wg3NDo
155,0.705,0,0.43,3,-10.316,0.0527,0.834,0.649,0.129,0.465,88.018,132084,0kftQfRPoWTK04O718qCic,Park Slope,Mindscape,Park Slope,0kftQfRPoWTK04O718qCic
156,0.748,0,0.415,7,-11.655,0.0635,0.375,0.882,0.107,0.419,160.042,147000,57gfGCAZMdVkwxcHNQrar4,Mulholland Drive,LESKY,Mulholland Drive,57gfGCAZMdVkwxcHNQrar4
157,0.495,0,0.256,3,-16.14,0.0589,0.965,0.849,0.105,0.629,79.52,116342,6UMSnFNKH8Wb3PTZV5rQIE,Distances,Lo-Fi Tigers,Distances,6UMSnFNKH8Wb3PTZV5rQIE
158,0.741,0,0.236,10,-12.214,0.0457,0.787,0.781,0.101,0.384,86.034,123461,2VEl4VVVJYdNZhH8yAp5rB,Aquarell,damaa.beats,Aquarell,2VEl4VVVJYdNZhH8yAp5rB
159,0.638,0,0.226,5,-15.548,0.0805,0.528,0.918,0.126,0.65,79.997,125250,1Q4rAo79TKUd69AzlZ37T3,Tendrils,Flitz&Suppe,Tendrils,1Q4rAo79TKUd69AzlZ37T3
160,0.669,1,0.496,2,-7.431,0.236,0.0407,0.729,0.155,0.13,89.892,133333,3XtKqHYn0bKPifnFTukNLX,"Sun Forrest, Sun",Howie Doowin,"Sun Forrest, Sun",3XtKqHYn0bKPifnFTukNLX
161,0.791,0,0.409,3,-14.884,0.0679,0.437,0.808,0.177,0.737,93.003,170323,41tPCwnxZelcIIdGbz9lRk,Daylit,Konteks,Daylit,41tPCwnxZelcIIdGbz9lRk
162,0.79,0,0.397,4,-11.42,0.334,0.185,0.915,0.105,0.386,86.9,88282,5qtNshZntEZX5szPbTcSio,Magnificent Minds,mädmäx,Magnificent Minds,5qtNshZntEZX5szPbTcSio
163,0.783,0,0.552,11,-10.896,0.0933,0.355,0.167,0.587,0.377,99.068,128485,1ImdJjR1NUSLNilGq3eTW4,Mosaik,Worldtraveller,Mosaik,1ImdJjR1NUSLNilGq3eTW4
164,0.622,0,0.312,0,-11.244,0.0312,0.751,0.317,0.16,0.477,80.02,171000,3pfmlg7TUaA2TQshjjEKlo,Something Pure,Louk,Something Pure,3pfmlg7TUaA2TQshjjEKlo
165,0.569,0,0.311,10,-9.562,0.0775,0.338,0.327,0.117,0.449,180.083,142667,170ZmbYgGk5kSb0WwFarSS,Jehzz,Midan,Jehzz,170ZmbYgGk5kSb0WwFarSS
166,0.632,0,0.498,5,-8.89,0.0506,0.617,0.946,0.149,0.161,173.983,135172,5xa1WF36hjrxH09WmkNWGo,Bye,Saiko,Bye,5xa1WF36hjrxH09WmkNWGo
167,0.655,0,0.308,7,-11.239,0.0349,0.0575,0.703,0.114,0.411,172.005,101600,3aUv5xMwV5sarC3wYxe5Mw,Golden Clouds,Leo Motta,Bossa,3aUv5xMwV5sarC3wYxe5Mw
168,0.733,0,0.3,6,-10.673,0.0703,0.372,0.71,0.0678,0.249,82.955,116386,6JqcQEsdVQ745YZ6MTunYs,Great Depth,NEKOB,Great Depth,6JqcQEsdVQ745YZ6MTunYs
169,0.879,1,0.356,6,-11.117,0.209,0.103,0.349,0.0487,0.731,92.998,102518,04emr6g1YI9iOjVvBM0qiQ,Diamond In The Back,Lamar Azul,Diamond In The Back,04emr6g1YI9iOjVvBM0qiQ
170,0.854,1,0.562,0,-6.758,0.0368,0.537,0.903,0.0708,0.947,131.969,117148,62IKEWx76EJslWVXnlMJ9b,Islands,Screwaholic,Islands,62IKEWx76EJslWVXnlMJ9b
171,0.695,1,0.324,8,-12.577,0.0396,0.703,0.905,0.394,0.312,77.979,140071,5PVJi0Z0PPqda1tneSNPnD,Arpoador,Chancla,Arpoador,5PVJi0Z0PPqda1tneSNPnD
172,0.764,1,0.246,7,-13.126,0.194,0.0901,0.923,0.105,0.492,80.046,126000,5MKqAfnnp1lKUwUK65lnf6,Nina,Grmmr.126,Nina,5MKqAfnnp1lKUwUK65lnf6
173,0.615,1,0.44,10,-13.016,0.447,0.721,0.0114,0.096,0.626,144.543,112000,2OWjlSMhJKEkMSiaQNgNc9,Flowers Of Pantai Lima,slow luna,Badung Colors,2OWjlSMhJKEkMSiaQNgNc9
174,0.774,0,0.467,9,-11.82,0.174,0.705,0.883,0.102,0.411,79.908,108000,2WDqySqy4Q85CsYQUfVLE4,lemons,Heinrich Schlupf,lemons,2WDqySqy4Q85CsYQUfVLE4
175,0.702,1,0.101,0,-14.695,0.309,0.966,0.813,0.101,0.661,86.91,97500,4DQYzPc7yDSLNSv5vVo3NM,Stena,lorleaf,Stena,4DQYzPc7yDSLNSv5vVo3NM
176,0.736,0,0.278,4,-11.626,0.0627,0.543,0.879,0.0917,0.26,82.038,122927,21iOXhZjIM9V95zoUV1vaN,Night Jam,Floating Anarchy,Night Jam,21iOXhZjIM9V95zoUV1vaN
177,0.684,0,0.397,0,-11.818,0.167,0.696,0.836,0.163,0.373,87.173,121628,1a8qgWr045vzRWg60vGFSy,Lazee,JAY VANILLA,Lazee,1a8qgWr045vzRWg60vGFSy
178,0.762,0,0.423,6,-8.821,0.0425,0.639,0.888,0.0869,0.399,90.899,129231,2IjWXYU02ksAjqU4A1sx6G,Bridging Divides,RINZ.,Bridging Divides,2IjWXYU02ksAjqU4A1sx6G
179,0.779,0,0.397,10,-9.513,0.042,0.221,0.474,0.187,0.481,85.034,90353,3dxpWPVR8qM5VJG0xzflOp,Vinyl Fever,Grmmr.126,Vinyl Fever,3dxpWPVR8qM5VJG0xzflOp
180,0.431,0,0.316,1,-10.234,0.161,0.361,0.0811,0.178,0.375,164.508,120000,1mXiAclKLhQyyjdUXRscEU,Bout A Thing,Terce S.,Bout A Thing,1mXiAclKLhQyyjdUXRscEU
181,0.658,0,0.503,1,-9.885,0.0838,0.459,0.581,0.113,0.506,176.015,158182,1zynLlNxb2xAyFin6GvSGC,Paella,DESH,Paella,1zynLlNxb2xAyFin6GvSGC
182,0.582,1,0.23,6,-15.942,0.0389,0.342,0.91,0.226,0.328,90.012,112000,1SVA7iOaSgbkbCoLrFMmRm,Golden Bubble,Smeeagain,Golden Bubble,1SVA7iOaSgbkbCoLrFMmRm
183,0.58,1,0.303,4,-20.007,0.0454,0.349,0.799,0.109,0.557,81.034,109630,3Oa7qTyiDrpDXCa6oF3vIL,Notice Me - Instrumental,High John,Notice Me (Instrumental),3Oa7qTyiDrpDXCa6oF3vIL
184,0.653,1,0.341,0,-11.944,0.0424,0.461,0.894,0.154,0.376,143.988,107062,06IcYJVcONJEnswRGec8pM,Equata,Slowdown,Equata,06IcYJVcONJEnswRGec8pM
185,0.564,0,0.403,8,-8.32,0.033,0.457,0.904,0.129,0.549,79.527,117111,5mD7RCq2eMwxD64143pE3G,Travel Companion,Malia Løu,Travel Companion,5mD7RCq2eMwxD64143pE3G
186,0.684,0,0.36,6,-13.678,0.131,0.00604,0.689,0.385,0.795,79.118,139375,2WOugRtzn1QKmCarSqavnM,Da Wes Sht,Gesmis,Da Wes Sht,2WOugRtzn1QKmCarSqavnM
187,0.648,0,0.429,3,-10.429,0.0396,0.3,0.886,0.197,0.617,82.001,120000,4GMYH4083f4n5lGZeCMKMz,Tokyo Cinema,Smeeagain,Tokyo Cinema,4GMYH4083f4n5lGZeCMKMz
188,0.639,0,0.312,7,-11.824,0.264,0.699,0.824,0.109,0.424,93.909,127660,3qoAPBc6GKo3imGVNf813P,lunar juice,Jadu Jadu,lunar juice,3qoAPBc6GKo3imGVNf813P
189,0.601,0,0.412,11,-10.287,0.0438,0.212,0.733,0.151,0.386,78.994,149000,6Dv4KsgqlgH5EUvSf09eip,Bouquet,Nogymx,Bouquet,6Dv4KsgqlgH5EUvSf09eip
190,0.429,0,0.264,7,-17.221,0.107,0.595,0.869,0.605,0.286,85.133,102723,2namVvGAaBKjeIm4spCMBT,Fortune,Fthmlss,Taijitu,2namVvGAaBKjeIm4spCMBT
191,0.78,0,0.36,10,-10.377,0.104,0.124,0.729,0.11,0.756,87.006,125646,5nZKSAtpBlWHyXeuvwCQQ9,Point Nemo With You,Wolberts,Point Nemo With You,5nZKSAtpBlWHyXeuvwCQQ9
192,0.634,0,0.323,0,-11.306,0.178,0.894,0.808,0.113,0.371,83.003,136891,0fuUjvuE6pRn0bUYTLmhDc,Up & Down,Drxnk,Clouds,0fuUjvuE6pRn0bUYTLmhDc
193,0.711,0,0.384,11,-11.245,0.0691,0.0441,0.848,0.281,0.621,93.995,158298,5BawXVB0siOxdMs5K19KKX,Djeep,rocomoco,Into the Blue,5BawXVB0siOxdMs5K19KKX
194,0.796,1,0.152,1,-13.371,0.101,0.0554,0.917,0.102,0.846,87.111,118621,4aKZ2t4wiRgiNxXSaffotF,I Do,Dr. Dundiff,I Do,4aKZ2t4wiRgiNxXSaffotF
195,0.608,0,0.446,4,-13.817,0.0551,0.0941,0.947,0.0963,0.766,78.992,134051,0Lzk4agjpku1JzYVvBqShd,Astral Plunge,Smeeagain,Astral Plunge,0Lzk4agjpku1JzYVvBqShd
196,0.417,1,0.379,3,-16.497,0.0347,0.143,0.963,0.129,0.51,161.001,140250,6aaDGpzsEJCke8qwMVgao0,Never Forget Where You Came From,High John,High Jazz,6aaDGpzsEJCke8qwMVgao0
197,0.714,0,0.617,4,-8.747,0.059,0.552,0.753,0.199,0.751,80.041,121703,6rCO2zT4dBIFJcY4SPpYlH,Beat Sleep Repeat,Señor Siesta,Beat Sleep Repeat,6rCO2zT4dBIFJcY4SPpYlH
198,0.837,1,0.448,6,-10.879,0.134,0.568,0.902,0.0759,0.472,161.993,118519,1zvi8dfPE8N05au0znnRhD,higher,Prod. By Outtake,higher,1zvi8dfPE8N05au0znnRhD
199,0.564,1,0.118,0,-16.749,0.275,0.913,0.899,0.13,0.434,84.722,113128,7Hiblos98LjJwAoHn6vyiU,Alpha,Otis Neon,Alpha,7Hiblos98LjJwAoHn6vyiU
200,0.754,1,0.196,7,-11.915,0.299,0.54,0.832,0.112,0.595,168.087,108571,0uHyGjgAYXgJ20JRf4XWv8,November Moon,Oslo,November Moon,0uHyGjgAYXgJ20JRf4XWv8
201,0.485,0,0.386,2,-8.238,0.106,0.732,0.907,0.145,0.163,80.381,170540,6LWGINtQbDX9tdfQDIAmNJ,WorkinOnIt,Zmeyev,WorkinOnIt,6LWGINtQbDX9tdfQDIAmNJ
202,0.687,0,0.274,2,-17.818,0.215,0.675,0.665,0.103,0.392,79.117,147350,42kewiCM6QIdTn4I4rjCPv,No Passenger,SamuW,No Passenger,42kewiCM6QIdTn4I4rjCPv
203,0.735,1,0.399,5,-13.985,0.107,0.862,0.886,0.128,0.507,155.98,152728,73GEWgVKErUlQV4tkOa9zS,The Conqueror,Jazzy James,Wild Waters,73GEWgVKErUlQV4tkOa9zS
204,0.709,0,0.15,4,-14.307,0.0899,0.421,0.911,0.111,0.302,139.957,109714,20twYRka7o68mw3n2Ggz46,Tumble Weed,Loufish,Tumble Weed,20twYRka7o68mw3n2Ggz46
205,0.736,0,0.322,3,-16.183,0.0506,0.469,0.95,0.113,0.55,80.004,99000,7pgD39CGSkncKQWi2jjVce,Kasimodo,Kasimir,Kasimodo,7pgD39CGSkncKQWi2jjVce
206,0.752,1,0.283,11,-13.0,0.0495,0.656,0.862,0.112,0.484,140.02,151667,5QdEaWJ9fnW1D7lSjQyS8E,Fettuccine,LESKY,Mesame,5QdEaWJ9fnW1D7lSjQyS8E
207,0.672,0,0.462,5,-7.294,0.103,0.158,0.516,0.128,0.826,81.88,114146,55WjPayn3MNHh8qPhGDwVw,Nothing But Net,Damn Homies,Nothing But Net,55WjPayn3MNHh8qPhGDwVw
208,0.458,0,0.314,7,-14.386,0.441,0.398,0.958,0.17,0.444,176.097,98182,0vx7bNNgm1wIAkMK0CjloG,Particles,Otis Neon,Particles,0vx7bNNgm1wIAkMK0CjloG
209,0.63,1,0.279,6,-10.075,0.114,0.402,0.785,0.11,0.115,159.952,182000,6dc1pLuUuHHttonZuLd3wf,Tea Cosy,The Brothers Nylon,Tea Cosy,6dc1pLuUuHHttonZuLd3wf
210,0.795,0,0.389,11,-11.689,0.159,0.673,0.399,0.124,0.252,54.92,123401,1UQLNJ9Ex3L6X8xu3fAtjM,Finally Found U,Sam Cross,Finally Found U,1UQLNJ9Ex3L6X8xu3fAtjM
211,0.759,0,0.235,5,-9.494,0.0856,0.408,0.836,0.163,0.396,77.988,128143,4MeXAGHd3SYAgfx8YsTveT,It's Our Time,Platinum Dust,It's Our Time,4MeXAGHd3SYAgfx8YsTveT
212,0.809,1,0.354,1,-14.68,0.0857,0.0372,0.874,0.0958,0.545,89.002,119008,0bHSNYDw6S7Pn9AM30Pedt,Midnight Express,Hoffy Beats,Midnight Express,0bHSNYDw6S7Pn9AM30Pedt
213,0.802,1,0.312,6,-12.867,0.0457,0.113,0.0876,0.082,0.494,87.978,111794,4WCjcN8mINu3oskCz1wtvN,Stopover,Soupbox,Not Coming Home,4WCjcN8mINu3oskCz1wtvN
214,0.614,0,0.354,9,-12.696,0.052,0.893,0.903,0.121,0.505,89.963,156167,42cvFa54LCJyL95GEGVU8N,Nepumuk,Jazzy James,Nepumuk / High Noon,42cvFa54LCJyL95GEGVU8N
215,0.682,0,0.18,10,-18.846,0.152,0.144,0.631,0.0997,0.511,172.012,122791,74yU4BuONMdJCrBcwdxjiM,Walk,Lætitia,Walk,74yU4BuONMdJCrBcwdxjiM
216,0.669,0,0.446,8,-10.522,0.0535,0.895,0.854,0.112,0.428,78.961,101750,3UujQFUxSAftqnTbRgP7vv,Sea Sky,Fed Nance,Sea Sky,3UujQFUxSAftqnTbRgP7vv
217,0.754,0,0.25,4,-14.151,0.048,0.864,0.902,0.125,0.426,119.078,132941,6gP1JTKQELhAlPy3a1fPve,Banana Brains,Ganzo,Banana Brains,6gP1JTKQELhAlPy3a1fPve
218,0.511,1,0.392,1,-12.602,0.275,0.591,0.923,0.149,0.51,155.436,168889,7qjOk4LdB11CnE6a4llbFI,Dreams About,Zmeyev,Dreams About,7qjOk4LdB11CnE6a4llbFI
219,0.717,0,0.399,4,-9.529,0.123,0.0813,0.886,0.0949,0.583,170.058,130165,4NBIMXqhYshVmoxHHvsmPi,Pretty and the Beast,Gesmis,Pretty and the Beast,4NBIMXqhYshVmoxHHvsmPi
220,0.6,0,0.452,1,-13.592,0.0724,0.746,0.943,0.225,0.323,84.026,164286,568ikRW1wqzBzErxEN14uF,Beautiful Second,Phlocalyst,Beautiful Second,568ikRW1wqzBzErxEN14uF
221,0.739,1,0.419,9,-8.48,0.169,0.761,0.00556,0.36,0.318,87.042,116401,62tRvfOJMzsxhPkMJIChxq,Berlin,DYVN,Berlin,62tRvfOJMzsxhPkMJIChxq
222,0.724,0,0.331,2,-12.221,0.0667,0.741,0.774,0.113,0.28,79.955,167771,2WPlQnqZ3VMkv09nme29W3,Air,Soupbox,Air,2WPlQnqZ3VMkv09nme29W3
223,0.674,1,0.354,11,-12.979,0.0427,0.0169,0.107,0.0947,0.229,77.017,123117,3Z7kpiNOuQ1gFe0jTtN2r7,Conjunction,Hoffy Beats,Lunar,3Z7kpiNOuQ1gFe0jTtN2r7
224,0.895,0,0.231,6,-8.241,0.0652,0.345,0.738,0.129,0.299,92.018,125217,1MRRnwQEsl2os1I1ZjPcUm,Ginger Shot,Howie Doowin,Ginger Shot,1MRRnwQEsl2os1I1ZjPcUm
225,0.51,1,0.553,7,-10.208,0.203,0.638,0.206,0.138,0.545,86.597,99310,7uS16BxAtHTTUgloivM6iy,The Mountain,Guzimi,The Mountain,7uS16BxAtHTTUgloivM6iy
226,0.692,1,0.365,2,-9.934,0.0436,0.207,0.902,0.315,0.0866,78.973,176203,51Ie5gtGGban5Lff22PCzX,Keen,Gas Lab,Jazz Cats,51Ie5gtGGban5Lff22PCzX
227,0.669,0,0.288,4,-15.35,0.064,0.893,0.877,0.0926,0.197,77.998,147692,6y9RelHF03Ukw9QbMnlTI7,Velours,Sátyr,Velours,6y9RelHF03Ukw9QbMnlTI7
228,0.72,0,0.755,9,-5.345,0.145,0.482,0.584,0.107,0.726,87.949,124431,4q5C2mpFSQGiI26UOuCM7l,Moon People,Cutecake,Moon People,4q5C2mpFSQGiI26UOuCM7l
229,0.777,0,0.393,5,-9.993,0.178,0.837,0.806,0.109,0.76,75.069,122171,5ncldgDWSVHunEXD3nv7Ct,Bloom,KOMOREBI,Bloom,5ncldgDWSVHunEXD3nv7Ct
230,0.614,0,0.295,2,-17.618,0.0568,0.871,0.927,0.11,0.713,149.981,129600,1i1uXh6JNzYxgmKKZRKgMA,Monro Beach,Oslo,Monro Beach,1i1uXh6JNzYxgmKKZRKgMA
231,0.836,0,0.255,0,-9.455,0.0738,0.647,0.7,0.218,0.47,91.016,112000,7oHE4lQulc9fvVbOoGT5Np,First Date,flamingo zamperoni,First Date,7oHE4lQulc9fvVbOoGT5Np
232,0.813,1,0.247,5,-9.934,0.126,0.347,0.0387,0.105,0.418,150.191,104000,17cUrQgR2mErga1fo4fxP7,Can Do,Malia Løu,Can Do,17cUrQgR2mErga1fo4fxP7
233,0.808,1,0.423,0,-12.593,0.167,0.881,0.895,0.0986,0.246,88.967,141573,7gWksPQCd3aSdB7phjMTXy,Zeal,Phlocalyst,Zeal,7gWksPQCd3aSdB7phjMTXy
234,0.668,1,0.43,7,-13.585,0.152,0.795,0.944,0.103,0.469,77.019,124675,0thzWAFarVRdlvMv2bRpFN,Take Me For A Walk,Guzimi,Take Me For A Walk,0thzWAFarVRdlvMv2bRpFN
235,0.713,1,0.386,0,-9.833,0.212,0.0376,0.917,0.317,0.548,81.07,118549,2zEmVgZ5qJfgGiTkk2FwlO,Springfrost,Beatific Vision,Springfrost,2zEmVgZ5qJfgGiTkk2FwlO
236,0.74,1,0.284,5,-12.987,0.0765,0.825,0.909,0.126,0.259,85.133,160000,1uRuTLbAQQEW68UDkRDhnc,Bright Future,Funky Notes,Bright Future,1uRuTLbAQQEW68UDkRDhnc
237,0.873,0,0.454,6,-12.871,0.0519,0.354,0.846,0.105,0.681,129.959,120000,5ie0eCg6MnIAXVyqg8VGGy,Northern Lights,HawkOne,Northern Lights,5ie0eCg6MnIAXVyqg8VGGy
238,0.36,0,0.228,10,-18.492,0.135,0.924,0.871,0.162,0.312,80.681,95858,7M2Iw9mM6J9cXSlTPJmJna,Neon Vision,Otis Neon,Neon Vision,7M2Iw9mM6J9cXSlTPJmJna
239,0.761,1,0.215,0,-8.96,0.432,0.85,0.915,0.111,0.494,179.298,107019,4tBYkfHXgFCiMkFLViWNGh,Dust Off,Smoke Trees,Dust Off,4tBYkfHXgFCiMkFLViWNGh
240,0.607,0,0.287,6,-12.197,0.245,0.151,0.936,0.132,0.339,62.49,130082,2xCYIs8abLgrgm47SFMlib,Imposter,Peter Kind,Imposter,2xCYIs8abLgrgm47SFMlib
241,0.81,0,0.287,10,-12.502,0.0912,0.423,0.193,0.11,0.237,80.057,144062,1Nwnj9ugENubiCoq0Vu1kN,Dirty Neon,damaa.beats,Dirty Neon,1Nwnj9ugENubiCoq0Vu1kN
242,0.746,0,0.334,3,-14.969,0.102,0.944,0.888,0.105,0.303,76.002,142105,1rGvNMdxYGnE6lH2EeMfwQ,Winding Up,Devon Rea,Winding Up,1rGvNMdxYGnE6lH2EeMfwQ
243,0.708,0,0.184,4,-16.305,0.294,0.375,0.53,0.117,0.452,76.001,157895,4f9IkeqLuVZ5JO1rAwPVsA,Tenkodo,lorleaf,Tenkodo,4f9IkeqLuVZ5JO1rAwPVsA
244,0.667,1,0.206,7,-11.667,0.0401,0.504,0.888,0.209,0.165,84.015,145714,7wv5ybUzYXGhig5gVBxpXS,Serendipity,Funcc.,Serendipity,7wv5ybUzYXGhig5gVBxpXS
245,0.591,1,0.33,2,-10.195,0.0506,0.222,0.899,0.1,0.215,84.035,137278,28D9EaiySXKtyg37WFQqpT,Veil,Hans Hu$tle,Veil,28D9EaiySXKtyg37WFQqpT
246,0.507,0,0.477,11,-10.494,0.357,0.625,0.877,0.108,0.503,172.112,139440,64VtmW9P5rbYb0y6btPCNg,Krispl Alone,Mr. Käfer,Eunoia,64VtmW9P5rbYb0y6btPCNg
247,0.646,1,0.211,1,-18.325,0.0305,0.988,0.958,0.0883,0.546,82.006,140488,6SCAOs1LvI89XGrf5ZUr65,Memory Lane,Rudy Raw,Passage of Time,6SCAOs1LvI89XGrf5ZUr65
248,0.613,0,0.302,7,-10.382,0.216,0.788,0.121,0.11,0.331,83.878,118973,2f4mTu5Y6I3wVApqhy5wbV,Windmills,KaspaHauser,Windmills,2f4mTu5Y6I3wVApqhy5wbV
249,0.721,1,0.521,2,-11.57,0.0499,0.304,0.505,0.134,0.691,106.024,147720,1JolxvZ0oyWP0zxsJvdzrR,Glissade,LESKY,Mesame,1JolxvZ0oyWP0zxsJvdzrR
250,0.575,0,0.459,11,-9.177,0.0541,0.616,0.848,0.196,0.443,169.746,103121,7dLCC0addn2kO1ALxsjQhS,Missed It,JAY VANILLA,Missed It,7dLCC0addn2kO1ALxsjQhS
251,0.603,0,0.331,11,-17.617,0.102,0.0233,0.898,0.103,0.194,79.994,112000,22nmtSEfoLluVVHDmAaH98,Cambrai,lorleaf,Cambrai,22nmtSEfoLluVVHDmAaH98
252,0.631,1,0.495,4,-12.986,0.14,0.842,0.858,0.117,0.186,83.936,143095,26jKVRgWdbQZRzMWuV6y22,Cashmere,c e c e l i e,Cashmere,26jKVRgWdbQZRzMWuV6y22
253,0.662,1,0.291,7,-11.531,0.277,0.655,0.813,0.116,0.384,85.392,122791,1LH3wWro9xmySR8tvrRWxz,vegan iced coffee,Grmmr.126,vegan iced coffee,1LH3wWro9xmySR8tvrRWxz
254,0.868,0,0.302,11,-12.678,0.127,0.371,0.356,0.0935,0.646,81.937,144000,6p8krD9yIzWwpIE8bMU7yH,Flower,Skeptika,Flower,6p8krD9yIzWwpIE8bMU7yH
255,0.786,0,0.393,5,-9.731,0.267,0.291,0.88,0.134,0.771,84.995,102000,04hAwr98yuWXu11xY6KHx8,Dumptydum,JAY VANILLA,Dumptydum,04hAwr98yuWXu11xY6KHx8
256,0.52,0,0.538,8,-11.104,0.0471,0.62,0.00468,0.113,0.167,121.481,130370,3W7P7dYqXSoDyIWzw2QipT,Float,Mononome,Float,3W7P7dYqXSoDyIWzw2QipT
257,0.765,0,0.254,7,-14.574,0.11,0.163,0.635,0.162,0.392,80.062,112500,4yLh1AgaQhxdgIOhCPAMAp,Glint,Lichtboje,Glint,4yLh1AgaQhxdgIOhCPAMAp
258,0.698,0,0.282,10,-13.678,0.0408,0.735,0.885,0.12,0.369,80.004,148800,6Lv4T4Y3kiO1Zhc1MczN9K,Wavehealing,77th Man,Wavehealing,6Lv4T4Y3kiO1Zhc1MczN9K
259,0.858,0,0.23,9,-11.324,0.248,0.442,0.927,0.11,0.167,79.0,110886,56zclYajeHI9U3KDWmFwwE,Colorful Leaves,Oskar Hahn,Colorful Leaves,56zclYajeHI9U3KDWmFwwE
260,0.808,0,0.172,8,-9.788,0.46,0.687,0.634,0.108,0.301,172.24,125750,1OebpjXwPI4h0tjSHe4YCR,Sunset,Fuzl,Fácil Vol. 2,1OebpjXwPI4h0tjSHe4YCR
261,0.768,1,0.365,1,-7.712,0.164,0.55,0.835,0.102,0.379,75.702,141998,52330Mn42K1caujwMhQOUw,Sleepwalking,Josa,Sleepwalking,52330Mn42K1caujwMhQOUw
262,0.652,0,0.267,1,-11.624,0.0447,0.584,0.745,0.111,0.35,83.08,163000,1IfJdNtQCU3xLVqUeayGbC,Sunrise 4 2,Hans Hu$tle,EP IV,1IfJdNtQCU3xLVqUeayGbC
263,0.776,0,0.432,7,-11.899,0.0554,0.58,0.913,0.109,0.21,85.035,125647,5EqzrIDrJXMBPAehmmRSW6,Nightshift,Lazlow,Nightshift,5EqzrIDrJXMBPAehmmRSW6
264,0.674,0,0.584,5,-10.539,0.0886,0.0157,0.86,0.145,0.848,183.682,112272,78ZX04BHxX4NEvDOEoITKJ,2002,Konteks,2002,78ZX04BHxX4NEvDOEoITKJ
265,0.783,0,0.275,4,-11.441,0.447,0.895,0.658,0.111,0.697,166.018,138795,0CAXwqDURV3HNIcRBo6q0H,right here,T.Check,right here,0CAXwqDURV3HNIcRBo6q0H
266,0.595,0,0.222,2,-21.599,0.0299,0.957,0.761,0.119,0.373,147.981,104595,0qgrapBbyeoDtHhsuWEC0N,Buoyant,Loufish,Buoyant,0qgrapBbyeoDtHhsuWEC0N
267,0.738,1,0.595,1,-7.685,0.0634,0.0328,0.624,0.105,0.483,165.081,130565,1TOHw1SZwZWX08ktFUei9T,Autumn Ride,Kid Tarô,Autumn Ride,1TOHw1SZwZWX08ktFUei9T
268,0.68,1,0.685,5,-11.866,0.0463,0.00916,0.784,0.0859,0.38,157.904,148307,2b95n76DJVE8RkFtLLtnrS,Sandy Beach,Plastik Beats,Sandy Beach,2b95n76DJVE8RkFtLLtnrS
269,0.723,0,0.542,8,-11.232,0.0466,0.606,0.837,0.112,0.3,87.996,98182,3yDE818ajAZDNdgArFKutc,Island Cruise,Berezy,Island Cruise,3yDE818ajAZDNdgArFKutc
270,0.844,1,0.529,7,-10.607,0.169,0.392,0.874,0.105,0.345,80.011,135053,2Kp7jF6ujtiz5mmGEksMpL,Hidden Beauty,Cap Kendricks,Hidden Beauty,2Kp7jF6ujtiz5mmGEksMpL
271,0.562,1,0.586,2,-6.708,0.0602,0.11,0.935,0.09,0.749,77.951,109890,3TvhKiqTMRNPQ1Af0pWD46,Goodnight,Marcus D,Retro'd 3,3TvhKiqTMRNPQ1Af0pWD46
272,0.54,0,0.181,8,-14.529,0.0497,0.855,0.9,0.108,0.302,80.999,94815,3EtZnZm5vSUoyANv1y4Euq,Blue Mood,sleepsleepsleep,Blue Mood,3EtZnZm5vSUoyANv1y4Euq
273,0.71,1,0.287,2,-13.598,0.0517,0.0812,0.831,0.104,0.676,88.962,178500,5G5nj9Ie8asmAQp8b1JS2I,Kanaan,Dualizm,Kanaan,5G5nj9Ie8asmAQp8b1JS2I
274,0.549,0,0.191,10,-16.973,0.173,0.805,0.732,0.108,0.439,180.038,155500,13V0lxxImhqXZrm8610JnO,you know,Wieland & Ulrich,you know,13V0lxxImhqXZrm8610JnO
275,0.575,0,0.124,4,-16.339,0.0309,0.896,0.898,0.101,0.0402,78.005,160962,4Tr3RgG7XrLgbfXKUMJQP5,Parallel,Sátyr,Parallel,4Tr3RgG7XrLgbfXKUMJQP5
276,0.64,0,0.065,4,-10.885,0.0568,0.898,0.916,0.119,0.142,74.064,121622,0RuvfeEVkmCo92saAi7xkX,Yellowish,Oskar Hahn,Yellowish,0RuvfeEVkmCo92saAi7xkX
277,0.841,0,0.438,9,-8.27,0.0433,0.357,0.874,0.123,0.931,92.03,125217,0BkjeckjiuLr9W5sa1YcE3,Zairi,Khutko,Zairi,0BkjeckjiuLr9W5sa1YcE3
278,0.754,1,0.226,1,-8.177,0.0392,0.163,0.91,0.0781,0.506,88.012,157147,0EaewujYRGsFrlkfxV6Ls9,For Jay,Dr. Dundiff,For Jay,0EaewujYRGsFrlkfxV6Ls9
279,0.647,0,0.231,11,-10.78,0.0516,0.922,0.854,0.28,0.211,36.702,126730,28cdzzyEkkcimdkW8Sux4l,Two Birds,Jules Hiero,Kleoniki's Kitchen,28cdzzyEkkcimdkW8Sux4l
280,0.721,0,0.559,9,-6.844,0.0527,0.0938,0.598,0.479,0.674,85.016,101647,4BAkFFj7SJBahmUydgQFQj,Night Games,Kevoe West,Night Games,4BAkFFj7SJBahmUydgQFQj
281,0.513,0,0.338,2,-16.411,0.164,0.846,0.831,0.14,0.688,77.016,120500,67qqdstYGImlSHRrRYMw38,Nebula,Czapter,Nebula,67qqdstYGImlSHRrRYMw38
282,0.69,0,0.367,2,-10.892,0.0875,0.342,0.78,0.107,0.665,84.986,181214,4deblxewzKBoFjpg6g78Bs,Soul Survivor,Mindscape,Soul Survivor,4deblxewzKBoFjpg6g78Bs
283,0.553,0,0.484,7,-10.529,0.364,0.186,0.912,0.122,0.608,78.426,138353,2EL0bP3jl0NtWNxlv23fyd,Mississippi,Don Fizzy,Mississippi,2EL0bP3jl0NtWNxlv23fyd
284,0.673,0,0.38,2,-11.185,0.241,0.521,0.847,0.0751,0.683,79.631,125000,1PcqkDHk9s5uY47Db0duvO,jimmy's howl,Dualizm,jimmy's howl,1PcqkDHk9s5uY47Db0duvO
285,0.76,1,0.492,8,-8.072,0.0792,0.531,0.906,0.11,0.509,83.028,138795,05bT4XYxT4fnBgfrpvu6Rw,Cavaquinho,Oaty.,Cavaquinho,05bT4XYxT4fnBgfrpvu6Rw
286,0.439,0,0.383,1,-10.987,0.0747,0.102,0.87,0.0967,0.446,165.749,111750,2ThtkgGReOtvMsOuoWZoub,Spheres,Bipeula,Spheres / Violetti,2ThtkgGReOtvMsOuoWZoub
287,0.57,1,0.573,0,-9.418,0.0528,0.028,0.904,0.133,0.219,162.088,240000,4bfKYWxE0hWAh4ZKDVlZX8,C10H12N2O,POSTPARTUM.,C8H11NO2 / C10H12N2O,4bfKYWxE0hWAh4ZKDVlZX8
288,0.753,0,0.384,0,-11.648,0.182,0.801,0.878,0.118,0.552,83.106,150361,79RFM7SALr0Sv1qEd3iLBv,Mixed Feelings,ZeDe,Mixed Feelings,79RFM7SALr0Sv1qEd3iLBv
289,0.723,0,0.346,11,-10.649,0.038,0.63,0.936,0.159,0.252,93.024,125500,6SPgOxBRjbliqObVYwO6qs,Hey Now,Fed Nance,Hey Now,6SPgOxBRjbliqObVYwO6qs
290,0.509,0,0.489,11,-11.642,0.211,0.424,0.879,0.106,0.0853,87.534,123147,18PnNpf5j8LYFuOvwlnbod,Close to You,Sátyr,Close to You,18PnNpf5j8LYFuOvwlnbod
291,0.493,1,0.172,3,-16.632,0.179,0.871,0.929,0.198,0.452,83.928,118571,7D56BYZHOiHXNXBcVJI0Sl,In Between,Zen Park,In Between,7D56BYZHOiHXNXBcVJI0Sl
292,0.315,0,0.174,5,-17.527,0.0853,0.836,0.882,0.107,0.0771,75.053,134400,7rNefvFQ4Gxt4yCq3a7r6P,Libre,Jokujekku,Libre,7rNefvFQ4Gxt4yCq3a7r6P
293,0.465,0,0.0998,6,-13.394,0.073,0.916,0.954,0.151,0.184,79.819,112895,2k4zcCon1Y3uuqTyF51IJl,Smoothie,Florence Ada,Smoothie,2k4zcCon1Y3uuqTyF51IJl
294,0.448,1,0.45,0,-10.012,0.168,0.456,0.803,0.107,0.344,81.096,122958,1P0AihvMWwwFXFZHnY7Fe6,Breathe,Ian Ewing,Breathe,1P0AihvMWwwFXFZHnY7Fe6
295,0.684,0,0.244,10,-14.019,0.0465,0.375,0.824,0.109,0.755,86.005,120000,6mN4GW8gitB9Ah4AIV9ijY,Dig This Vibe,Oilix,Dig This Vibe,6mN4GW8gitB9Ah4AIV9ijY
296,0.621,0,0.355,0,-10.485,0.0605,0.219,0.918,0.113,0.588,91.147,171000,3NA5xcNdbBmeKOP1HILB06,Butterfly,KLIM,Butterfly,3NA5xcNdbBmeKOP1HILB06
297,0.763,0,0.44,1,-7.916,0.105,0.903,0.869,0.108,0.757,75.011,108800,4TvKpBIfYJEQH02nAknQEh,Cyprus Rain,Butter,Drive Slow,4TvKpBIfYJEQH02nAknQEh
298,0.873,0,0.413,10,-7.571,0.115,0.543,0.0306,0.133,0.25,83.988,138577,6lAsOTYy9HNXccda1MuDuK,Late Rain,IAMPAUL,Late Rain,6lAsOTYy9HNXccda1MuDuK
299,0.861,1,0.274,8,-10.582,0.0814,0.748,0.891,0.117,0.419,85.108,138529,3KOdSAFAouynkqzRd5cNtT,Now or Never,Mozzie,Now or Never,3KOdSAFAouynkqzRd5cNtT
